city,year,avg_temperature,avg_daily_rainfall,maximum_temperature,minimum_temperature
Ahmedabad,2000,27.61311475409836,1.021584699453552,42.4,10.8
Ahmedabad,2001,27.432191780821917,1.2438356164383562,43.2,10.3
Ahmedabad,2002,27.900821917808216,0.821917808219178,44.9,10.3
Ahmedabad,2003,27.43315068493151,2.1654794520547944,43.8,11.1
Ahmedabad,2004,27.37363387978142,2.359562841530055,43.6,10.7
Ahmedabad,2005,26.535205479452056,2.9515068493150682,42.4,8.5
Ahmedabad,2006,27.104520547945203,4.4301369863013695,42.6,10.1
Ahmedabad,2007,27.17821917808219,2.9904109589041097,41.9,11.2
Ahmedabad,2008,26.767486338797813,2.1418032786885246,41.2,7.0
Ahmedabad,2009,27.9686301369863,1.6238356164383563,42.5,12.1
Ahmedabad,2010,28.014109589041094,2.984931506849315,45.4,10.5
Ahmedabad,2011,27.174520547945207,2.2457534246575346,41.5,10.0
Ahmedabad,2012,26.741256830601092,1.5385245901639344,41.3,8.6
Ahmedabad,2013,26.591506849315067,2.512054794520548,42.9,10.0
Ahmedabad,2014,27.177945205479453,1.899178082191781,42.3,9.2
Ahmedabad,2015,27.622739726027394,1.6728767123287671,42.2,10.5
Ahmedabad,2016,27.426092896174865,1.9459016393442625,45.4,10.8
Ahmedabad,2017,27.63931506849315,4.323287671232877,42.6,10.8
Ahmedabad,2018,27.877260273972606,2.0578082191780824,43.9,10.3
Ahmedabad,2019,27.51164383561644,3.3893150684931506,43.7,9.6
Ahmedabad,2020,27.72486338797814,2.773497267759563,43.5,10.3
Ahmedabad,2021,27.890958904109592,2.876986301369863,42.7,11.1
Ahmedabad,2022,28.015616438356165,2.7800000000000002,45.3,7.9
Ahmedabad,2023,27.975616438356166,2.8380821917808223,43.7,9.5
Ahmedabad,2024,28.19603825136612,3.647814207650273,46.4,11.7
Bangalore,2000,22.732513661202187,2.6311475409836067,34.9,9.8
Bangalore,2001,23.140547945205476,2.0717808219178084,34.1,10.0
Bangalore,2002,23.34315068493151,1.7224657534246577,35.6,10.3
Bangalore,2003,23.819589041095888,1.6153424657534248,35.6,11.6
Bangalore,2004,22.958879781420766,2.4557377049180324,36.1,12.1
Bangalore,2005,23.258082191780822,3.069589041095891,34.8,11.0
Bangalore,2006,23.229315068493154,1.7328767123287672,34.5,10.3
Bangalore,2007,23.255753424657534,2.5627397260273974,35.7,10.6
Bangalore,2008,22.88155737704918,2.885792349726776,35.5,10.9
Bangalore,2009,23.33945205479452,2.751780821917808,35.7,11.0
Bangalore,2010,23.56657534246575,3.032054794520548,36.8,9.8
Bangalore,2011,22.92109589041096,2.9112328767123286,33.8,10.5
Bangalore,2012,23.40040983606557,2.1666666666666665,35.8,9.9
Bangalore,2013,23.24041095890411,2.6263013698630138,35.6,11.4
Bangalore,2014,23.530547945205477,2.252328767123288,36.3,12.2
Bangalore,2015,23.339726027397262,3.224383561643836,35.0,10.9
Bangalore,2016,23.77308743169399,2.1188524590163933,36.7,11.5
Bangalore,2017,23.806712328767127,2.652876712328767,35.6,12.5
Bangalore,2018,23.61219178082192,2.5832876712328767,34.6,12.0
Bangalore,2019,24.241917808219178,2.649315068493151,35.7,11.8
Bangalore,2020,23.87103825136612,3.466120218579235,36.2,13.8
Bangalore,2021,23.461780821917806,3.9476712328767127,35.4,13.0
Bangalore,2022,23.300821917808218,3.2473972602739725,37.1,12.9
Bangalore,2023,24.049452054794518,2.1794520547945204,35.5,11.9
Bangalore,2024,24.53169398907104,2.9532786885245903,39.4,14.5
Chennai,2000,28.278551912568307,1.9224043715846995,40.1,17.3
Chennai,2001,28.69767123287671,3.159452054794521,40.6,18.0
Chennai,2002,28.51753424657534,1.6575342465753424,40.5,16.8
Chennai,2003,28.650821917808216,1.6868493150684933,41.1,17.1
Chennai,2004,28.173360655737707,2.615846994535519,38.9,17.2
Chennai,2005,28.463835616438356,3.861917808219178,39.1,17.6
Chennai,2006,28.34013698630137,2.5794520547945203,39.4,16.4
Chennai,2007,27.921369863013698,3.384931506849315,40.2,18.1
Chennai,2008,28.172677595628418,3.0994535519125685,39.7,17.5
Chennai,2009,28.76123287671233,2.329315068493151,39.3,17.4
Chennai,2010,28.33150684931507,3.552876712328767,38.4,17.9
Chennai,2011,28.305479452054794,2.5506849315068494,39.5,17.1
Chennai,2012,28.84262295081967,1.9972677595628416,40.6,15.2
Chennai,2013,28.379315068493153,2.344109589041096,40.8,17.0
Chennai,2014,28.57945205479452,2.5583561643835617,40.3,16.7
Chennai,2015,28.52931506849315,3.3917808219178083,40.1,18.1
Chennai,2016,28.55928961748634,2.771584699453552,38.6,16.7
Chennai,2017,28.41287671232877,3.657808219178082,41.1,18.5
Chennai,2018,28.31068493150685,2.3134246575342465,38.6,17.3
Chennai,2019,28.50904109589041,2.5536986301369864,40.1,18.5
Chennai,2020,28.19016393442623,3.669945355191257,41.9,19.4
Chennai,2021,28.11986301369863,4.732054794520548,39.7,18.3
Chennai,2022,28.027397260273972,3.9490410958904114,37.6,19.4
Chennai,2023,28.462739726027397,4.452602739726028,40.2,18.2
Chennai,2024,28.715710382513663,4.4002732240437155,41.0,20.4
Delhi,2000,24.67308743169399,1.8221311475409836,43.4,3.6
Delhi,2001,24.72082191780822,1.6400000000000001,44.7,3.9
Delhi,2002,25.666027397260276,1.1008219178082193,45.9,4.3
Delhi,2003,24.1158904109589,2.4876712328767123,45.3,3.4
Delhi,2004,25.32841530054645,1.2989071038251365,44.6,4.1
Delhi,2005,24.728630136986304,1.9704109589041097,44.8,4.6
Delhi,2006,25.744520547945207,1.5041095890410958,44.4,3.6
Delhi,2007,25.22986301369863,1.778904109589041,45.4,4.5
Delhi,2008,24.79412568306011,2.1603825136612023,42.8,3.6
Delhi,2009,25.843698630136988,1.16986301369863,43.8,6.4
Delhi,2010,25.669452054794522,2.4273972602739726,45.6,5.6
Delhi,2011,24.632191780821916,1.7989041095890412,43.1,4.0
Delhi,2012,24.53101092896175,1.56775956284153,44.7,4.1
Delhi,2013,24.20904109589041,2.0632876712328767,44.5,2.4
Delhi,2014,24.739863013698628,1.3523287671232875,44.9,4.7
Delhi,2015,24.60767123287671,2.2326027397260275,44.1,4.8
Delhi,2016,25.390163934426226,2.1704918032786886,43.1,4.8
Delhi,2017,25.224794520547942,1.4961643835616438,45.2,4.1
Delhi,2018,25.002465753424655,1.9241095890410957,43.3,4.4
Delhi,2019,24.725890410958907,1.5676712328767124,44.5,2.4
Delhi,2020,24.31571038251366,1.5904371584699455,44.4,3.0
Delhi,2021,24.858082191780824,2.1380821917808217,43.8,3.2
Delhi,2022,25.210410958904106,1.937808219178082,45.6,4.1
Delhi,2023,24.601780821917806,2.288767123287671,43.5,3.1
Delhi,2024,25.13346994535519,2.8040983606557375,46.4,3.5
Hyderabad,2000,25.91092896174863,2.1434426229508197,41.0,11.9
Hyderabad,2001,26.343287671232876,1.8076712328767122,41.5,12.5
Hyderabad,2002,26.465616438356168,1.5391780821917806,39.9,13.0
Hyderabad,2003,26.48506849315068,2.1093150684931508,42.2,12.9
Hyderabad,2004,26.010792349726778,1.8226775956284154,40.4,12.6
Hyderabad,2005,26.16821917808219,2.488219178082192,41.6,11.5
Hyderabad,2006,25.94164383561644,2.063013698630137,39.8,12.4
Hyderabad,2007,26.2072602739726,2.1046575342465754,40.0,12.4
Hyderabad,2008,26.125136612021855,2.2256830601092896,40.3,13.1
Hyderabad,2009,26.97027397260274,1.8284931506849313,41.0,13.5
Hyderabad,2010,26.570684931506847,3.283013698630137,41.7,9.8
Hyderabad,2011,26.115753424657534,1.6123287671232878,39.3,10.0
Hyderabad,2012,26.5327868852459,1.94344262295082,41.0,11.0
Hyderabad,2013,25.904794520547945,2.4953424657534247,41.7,12.0
Hyderabad,2014,26.151095890410957,1.9616438356164383,40.3,12.4
Hyderabad,2015,26.72849315068493,1.3564383561643836,41.6,11.1
Hyderabad,2016,26.388387978142074,2.648360655737705,41.5,12.4
Hyderabad,2017,26.466027397260277,2.0665753424657534,40.9,12.3
Hyderabad,2018,26.276712328767122,1.940821917808219,40.0,11.8
Hyderabad,2019,26.616301369863017,2.337260273972603,40.8,11.2
Hyderabad,2020,25.966803278688527,3.078688524590164,39.9,11.9
Hyderabad,2021,26.083698630136983,2.1569863013698627,38.4,12.5
Hyderabad,2022,26.23013698630137,2.524931506849315,39.8,12.2
Hyderabad,2023,26.31684931506849,2.654794520547945,38.8,11.3
Hyderabad,2024,26.791256830601093,3.549453551912568,41.6,14.8
Jaipur,2000,25.33210382513661,0.9704918032786884,43.0,4.0
Jaipur,2001,25.032328767123285,1.015068493150685,44.9,3.6
Jaipur,2002,26.286575342465753,0.5547945205479452,44.5,4.1
Jaipur,2003,24.66287671232877,1.547123287671233,44.4,3.8
Jaipur,2004,25.548907103825137,1.219672131147541,42.9,3.7
Jaipur,2005,24.99041095890411,1.2671232876712328,42.7,4.8
Jaipur,2006,25.898493150684935,0.866849315068493,43.7,3.0
Jaipur,2007,25.390136986301368,1.3808219178082193,42.6,4.3
Jaipur,2008,25.022404371584702,1.4382513661202185,41.7,3.9
Jaipur,2009,26.263972602739727,0.8753424657534247,43.7,7.3
Jaipur,2010,25.694520547945206,2.173972602739726,45.5,4.5
Jaipur,2011,24.622328767123285,1.627945205479452,44.4,2.0
Jaipur,2012,24.54139344262295,1.7002732240437157,43.9,3.4
Jaipur,2013,24.386301369863013,1.836986301369863,43.7,2.7
Jaipur,2014,24.54835616438356,1.270958904109589,44.3,2.7
Jaipur,2015,25.174931506849315,1.0882191780821917,43.0,4.3
Jaipur,2016,25.775683060109287,1.6617486338797816,46.0,4.4
Jaipur,2017,25.72890410958904,1.1619178082191781,44.6,4.2
Jaipur,2018,25.75109589041096,1.9054794520547946,43.9,4.0
Jaipur,2019,25.013013698630136,2.5005479452054797,45.0,2.2
Jaipur,2020,25.05218579234973,1.3150273224043716,43.1,4.7
Jaipur,2021,25.15794520547945,2.029041095890411,40.8,3.9
Jaipur,2022,25.34835616438356,1.6484931506849314,44.3,4.7
Jaipur,2023,24.846849315068493,1.61013698630137,43.2,3.0
Jaipur,2024,25.31434426229508,2.1606557377049183,46.4,3.9
Kolkata,2000,26.013387978142074,3.830601092896175,38.2,9.5
Kolkata,2001,25.903287671232878,4.7027397260273975,38.2,8.5
Kolkata,2002,26.22821917808219,4.6128767123287675,39.6,10.4
Kolkata,2003,26.135753424657533,4.061095890410959,41.0,8.3
Kolkata,2004,26.337978142076505,3.7967213114754097,41.6,9.9
Kolkata,2005,26.64698630136986,4.07972602739726,41.2,10.5
Kolkata,2006,26.643424657534247,3.9189041095890413,39.0,9.0
Kolkata,2007,26.204794520547946,5.108767123287671,39.8,10.0
Kolkata,2008,26.106147540983606,4.9002732240437155,38.8,9.3
Kolkata,2009,26.99904109589041,3.55972602739726,41.6,10.3
Kolkata,2010,27.234794520547947,3.1854794520547944,40.1,10.3
Kolkata,2011,26.337260273972603,4.986849315068493,37.8,9.7
Kolkata,2012,26.47035519125683,3.4459016393442625,41.4,8.5
Kolkata,2013,26.026986301369863,4.301917808219178,38.9,8.2
Kolkata,2014,26.37027397260274,3.776712328767123,40.4,9.0
Kolkata,2015,26.477671232876713,5.037534246575342,39.4,10.7
Kolkata,2016,26.790163934426232,4.406010928961749,40.3,9.6
Kolkata,2017,26.599589041095893,6.129041095890411,38.5,10.0
Kolkata,2018,26.14205479452055,4.895616438356164,38.0,8.7
Kolkata,2019,26.36013698630137,4.565753424657534,37.4,10.0
Kolkata,2020,26.223497267759562,5.171311475409836,39.5,10.1
Kolkata,2021,26.592876712328767,5.940273972602739,40.8,9.8
Kolkata,2022,26.429041095890412,4.524931506849315,40.0,10.1
Kolkata,2023,26.975068493150683,5.156986301369863,42.5,10.3
Kolkata,2024,26.69535519125683,5.692349726775957,43.9,10.2
Lucknow,2000,24.909289617486337,2.150273224043716,42.9,6.5
Lucknow,2001,24.884931506849316,2.9627397260273973,43.1,4.6
Lucknow,2002,25.508219178082193,2.0019178082191784,44.4,5.5
Lucknow,2003,24.775890410958905,3.905753424657534,44.2,4.2
Lucknow,2004,25.10915300546448,2.3275956284153003,43.2,4.5
Lucknow,2005,25.42219178082192,2.255890410958904,44.9,6.5
Lucknow,2006,26.043698630136987,1.8542465753424657,43.0,5.6
Lucknow,2007,25.510136986301372,2.6665753424657535,44.3,5.3
Lucknow,2008,25.21243169398907,3.945081967213115,43.2,5.7
Lucknow,2009,26.023287671232875,2.1624657534246574,43.7,8.1
Lucknow,2010,26.302739726027397,2.8145205479452056,43.8,7.4
Lucknow,2011,25.175068493150683,2.850684931506849,42.1,4.2
Lucknow,2012,25.280054644808743,2.5576502732240436,43.9,6.2
Lucknow,2013,24.71164383561644,3.1783561643835614,42.2,4.2
Lucknow,2014,25.011917808219177,1.996986301369863,44.2,5.2
Lucknow,2015,25.556712328767127,2.26986301369863,44.8,6.1
Lucknow,2016,25.873224043715847,2.7931693989071036,43.1,6.1
Lucknow,2017,25.654657534246578,2.5643835616438357,43.5,3.5
Lucknow,2018,25.506849315068493,3.3652054794520545,43.2,4.7
Lucknow,2019,25.27150684931507,3.5197260273972604,44.2,1.7
Lucknow,2020,24.590710382513663,3.5412568306010925,42.8,5.1
Lucknow,2021,25.084246575342465,2.725753424657534,41.2,3.5
Lucknow,2022,25.59232876712329,3.0821917808219177,44.0,4.3
Lucknow,2023,25.39506849315069,2.76027397260274,43.8,4.3
Lucknow,2024,25.66898907103825,3.112021857923497,46.3,4.7
Mumbai,2000,26.62090163934426,5.01775956284153,38.0,16.5
Mumbai,2001,26.630684931506853,4.536438356164384,38.0,15.0
Mumbai,2002,27.186575342465755,4.192054794520548,37.5,15.4
Mumbai,2003,27.101506849315065,4.8780821917808215,35.3,17.1
Mumbai,2004,27.05218579234973,5.549453551912568,38.1,17.1
Mumbai,2005,26.755068493150684,6.5306849315068485,37.6,15.1
Mumbai,2006,27.224109589041095,6.775068493150685,36.9,15.7
Mumbai,2007,27.3427397260274,6.270958904109589,38.5,17.7
Mumbai,2008,26.9172131147541,5.104918032786886,36.6,14.2
Mumbai,2009,27.390958904109592,4.452328767123287,39.1,16.7
Mumbai,2010,27.270958904109587,6.196438356164383,36.5,15.6
Mumbai,2011,26.9986301369863,5.872602739726028,37.6,15.3
Mumbai,2012,26.608196721311476,3.975136612021858,36.6,15.7
Mumbai,2013,26.64438356164384,5.922739726027398,37.2,15.7
Mumbai,2014,27.2572602739726,5.055890410958904,36.8,15.8
Mumbai,2015,27.388219178082196,3.627945205479452,37.0,15.6
Mumbai,2016,26.9655737704918,7.2084699453551915,37.0,16.0
Mumbai,2017,26.866849315068492,6.721917808219178,36.9,15.0
Mumbai,2018,27.083013698630136,3.7298630136986306,35.9,15.5
Mumbai,2019,26.725068493150683,7.135890410958904,36.3,13.1
Mumbai,2020,27.125546448087434,7.578142076502732,36.8,15.4
Mumbai,2021,27.172602739726027,6.249041095890411,38.7,16.8
Mumbai,2022,26.887945205479454,7.264657534246575,38.5,14.4
Mumbai,2023,27.514520547945203,5.611232876712329,37.8,14.7
Mumbai,2024,27.566530054644808,6.89535519125683,41.4,16.7
Pune,2000,24.836612021857924,4.259562841530054,40.0,11.2
Pune,2001,25.032739726027398,3.9805479452054797,41.1,11.4
Pune,2002,25.42178082191781,3.9183561643835616,41.3,11.1
Pune,2003,25.619999999999997,3.5986301369863014,41.6,10.5
Pune,2004,25.185382513661203,4.959016393442623,40.3,12.1
Pune,2005,25.085753424657533,6.043287671232878,40.9,12.1
Pune,2006,25.176027397260274,6.694246575342466,40.1,10.5
Pune,2007,25.608356164383558,4.894520547945206,39.8,12.8
Pune,2008,25.216666666666665,4.860655737704918,40.3,10.3
Pune,2009,25.743972602739724,5.08027397260274,40.8,13.8
Pune,2010,25.556849315068494,6.032054794520548,42.0,10.9
Pune,2011,25.16082191780822,5.364383561643836,39.4,10.3
Pune,2012,25.51243169398907,3.277049180327869,39.0,10.3
Pune,2013,25.154520547945204,5.6906849315068495,41.2,11.9
Pune,2014,25.450136986301366,4.796164383561644,39.7,11.7
Pune,2015,25.71054794520548,3.4005479452054796,39.8,11.7
Pune,2016,25.560519125683058,5.914754098360656,40.7,12.4
Pune,2017,25.48712328767123,2.5627397260273974,40.3,10.9
Pune,2018,25.59109589041096,1.8654794520547944,40.2,9.7
Pune,2019,25.55191780821918,4.055890410958904,42.9,9.4
Pune,2020,25.45437158469945,4.05792349726776,39.7,9.7
Pune,2021,25.314794520547945,2.6104109589041093,38.6,13.1
Pune,2022,25.431917808219175,2.9498630136986304,42.2,9.9
Pune,2023,25.842602739726026,2.1424657534246574,40.8,12.8
Pune,2024,26.185792349726775,3.8609289617486335,42.0,12.4
