city,year,avg_temperature,avg_max_temperature,avg_min_temperature,total_rainfall,rainy_days,avg_wind_speed
Ahmedabad,2000,27.61311475409836,33.84918032786885,21.37704918032787,373.90000000000003,71,14.340710382513661
Ahmedabad,2001,27.432191780821917,33.33178082191781,21.532602739726027,454.0,110,14.006301369863014
Ahmedabad,2002,27.900821917808216,34.043561643835616,21.758082191780822,300.0,84,14.2586301369863
Ahmedabad,2003,27.43315068493151,33.22438356164383,21.64191780821918,790.4,99,13.93808219178082
Ahmedabad,2004,27.37363387978142,33.23196721311475,21.51530054644809,863.6,106,13.324043715846996
Ahmedabad,2005,26.535205479452056,32.37452054794521,20.695890410958903,1077.3,89,13.244931506849314
Ahmedabad,2006,27.104520547945203,32.724931506849316,21.484109589041097,1617.0,91,13.250410958904109
Ahmedabad,2007,27.17821917808219,32.79534246575342,21.56109589041096,1091.5,103,13.15095890410959
Ahmedabad,2008,26.767486338797813,32.45,21.08497267759563,783.9,92,13.444262295081968
Ahmedabad,2009,27.9686301369863,33.81506849315068,22.122191780821918,592.7,70,13.708493150684932
Ahmedabad,2010,28.014109589041094,33.605479452054794,22.422739726027398,1089.5,115,13.406575342465752
Ahmedabad,2011,27.174520547945207,32.74,21.60904109589041,819.7,90,13.46027397260274
Ahmedabad,2012,26.741256830601092,32.42213114754098,21.060382513661203,563.1,93,13.668579234972677
Ahmedabad,2013,26.591506849315067,31.85041095890411,21.332602739726028,916.9,123,13.446849315068494
Ahmedabad,2014,27.177945205479453,32.67205479452055,21.68383561643836,693.2,83,13.15945205479452
Ahmedabad,2015,27.622739726027394,33.28657534246575,21.958904109589042,610.6,85,13.427945205479451
Ahmedabad,2016,27.426092896174865,33.00792349726776,21.84426229508197,712.2,95,13.046994535519126
Ahmedabad,2017,27.63931506849315,33.19232876712329,22.086301369863012,1578.0,105,15.942191780821917
Ahmedabad,2018,27.877260273972606,33.68219178082192,22.072328767123288,751.1,103,15.032054794520548
Ahmedabad,2019,27.51164383561644,32.76931506849315,22.253972602739726,1237.1,131,15.974520547945206
Ahmedabad,2020,27.72486338797814,33.16885245901639,22.28087431693989,1015.1,123,15.251366120218579
Ahmedabad,2021,27.890958904109592,33.34602739726027,22.435890410958905,1050.1,126,15.752876712328767
Ahmedabad,2022,28.015616438356165,33.90712328767123,22.124109589041097,1014.7,112,15.653972602739726
Ahmedabad,2023,27.975616438356166,33.67643835616438,22.274794520547946,1035.9,125,15.97068493150685
Ahmedabad,2024,28.19603825136612,33.586885245901634,22.805191256830604,1335.1,118,15.007377049180327
Bangalore,2000,22.732513661202187,27.504371584699456,17.96065573770492,963.0,185,15.62704918032787
Bangalore,2001,23.140547945205476,27.89205479452055,18.389041095890413,756.2,179,15.952876712328768
Bangalore,2002,23.34315068493151,28.38849315068493,18.29780821917808,628.7,174,16.11041095890411
Bangalore,2003,23.819589041095888,28.867397260273975,18.771780821917808,589.6,165,15.771232876712329
Bangalore,2004,22.958879781420766,27.82431693989071,18.093442622950818,898.8,193,16.165300546448087
Bangalore,2005,23.258082191780822,27.927671232876712,18.588493150684933,1120.4,205,15.631232876712328
Bangalore,2006,23.229315068493154,28.132602739726025,18.326027397260273,632.5,177,16.163561643835617
Bangalore,2007,23.255753424657534,28.036438356164382,18.475068493150683,935.4,190,16.04328767123288
Bangalore,2008,22.88155737704918,27.632786885245903,18.130327868852458,1056.2,198,15.292349726775956
Bangalore,2009,23.33945205479452,28.167671232876714,18.51123287671233,1004.4,196,15.966301369863013
Bangalore,2010,23.56657534246575,28.116438356164384,19.016712328767124,1106.7,216,15.170410958904109
Bangalore,2011,22.92109589041096,27.785205479452056,18.056986301369864,1062.6,188,15.97041095890411
Bangalore,2012,23.40040983606557,28.51530054644809,18.28551912568306,793.0,164,15.831967213114755
Bangalore,2013,23.24041095890411,27.97890410958904,18.50191780821918,958.6,182,16.270958904109587
Bangalore,2014,23.530547945205477,28.34767123287671,18.713424657534247,822.1,186,16.115342465753425
Bangalore,2015,23.339726027397262,27.975068493150683,18.704383561643837,1176.9,192,15.366575342465755
Bangalore,2016,23.77308743169399,28.72459016393443,18.821584699453553,775.5,160,15.91120218579235
Bangalore,2017,23.806712328767127,28.554794520547944,19.0586301369863,968.3,228,17.953424657534246
Bangalore,2018,23.61219178082192,28.524931506849317,18.69945205479452,942.9,213,18.173698630136986
Bangalore,2019,24.241917808219178,29.15068493150685,19.333150684931507,967.0,224,18.41260273972603
Bangalore,2020,23.87103825136612,28.59426229508197,19.147814207650274,1268.6,217,18.107650273224042
Bangalore,2021,23.461780821917806,28.146849315068494,18.776712328767122,1440.9,232,17.666301369863014
Bangalore,2022,23.300821917808218,28.170684931506848,18.43095890410959,1185.3,225,17.76054794520548
Bangalore,2023,24.049452054794518,29.410684931506847,18.688219178082193,795.5,201,17.938082191780822
Bangalore,2024,24.53169398907104,29.549726775956287,19.51366120218579,1080.9,205,18.43087431693989
Chennai,2000,28.278551912568307,31.903005464480874,24.654098360655738,703.6,178,17.976775956284154
Chennai,2001,28.69767123287671,32.37890410958904,25.016438356164382,1153.2,160,18.408493150684933
Chennai,2002,28.51753424657534,32.196164383561644,24.838904109589045,605.0,163,18.203835616438354
Chennai,2003,28.650821917808216,32.30821917808219,24.99342465753425,615.7,172,18.775342465753425
Chennai,2004,28.173360655737707,31.74754098360656,24.59918032786885,957.4,183,18.242076502732242
Chennai,2005,28.463835616438356,31.998356164383562,24.929315068493153,1409.6,190,18.203287671232875
Chennai,2006,28.34013698630137,32.02191780821918,24.65835616438356,941.5,177,17.623835616438356
Chennai,2007,27.921369863013698,31.398630136986302,24.444109589041098,1235.5,193,17.64027397260274
Chennai,2008,28.172677595628418,31.754371584699456,24.590983606557376,1134.4,207,17.30983606557377
Chennai,2009,28.76123287671233,32.62301369863014,24.89945205479452,850.2,151,18.087945205479453
Chennai,2010,28.33150684931507,31.664109589041097,24.99890410958904,1296.8,196,17.926575342465753
Chennai,2011,28.305479452054794,31.973424657534245,24.637534246575346,931.0,178,18.455616438356166
Chennai,2012,28.84262295081967,32.663387978142076,25.02185792349727,731.0,150,18.6431693989071
Chennai,2013,28.379315068493153,31.94,24.8186301369863,855.6,177,18.6
Chennai,2014,28.57945205479452,32.21890410958904,24.94,933.8,167,18.887945205479454
Chennai,2015,28.52931506849315,32.02821917808219,25.03041095890411,1238.0,203,18.055616438356164
Chennai,2016,28.55928961748634,32.1551912568306,24.963387978142077,1014.4,134,18.19890710382514
Chennai,2017,28.41287671232877,31.494520547945207,25.331232876712328,1335.1,221,18.572602739726026
Chennai,2018,28.31068493150685,31.549863013698634,25.07150684931507,844.4,217,19.151780821917807
Chennai,2019,28.50904109589041,31.655068493150686,25.363013698630137,932.1,215,19.69890410958904
Chennai,2020,28.19016393442623,31.120218579234972,25.26010928961749,1343.2,233,18.138524590163932
Chennai,2021,28.11986301369863,31.28109589041096,24.9586301369863,1727.2,246,17.891506849315068
Chennai,2022,28.027397260273972,31.25095890410959,24.803835616438356,1441.4,246,18.68082191780822
Chennai,2023,28.462739726027397,31.955890410958904,24.96958904109589,1625.2,244,18.764383561643836
Chennai,2024,28.715710382513663,32.14071038251366,25.29071038251366,1610.5,242,18.85136612021858
Delhi,2000,24.67308743169399,30.521584699453552,18.824590163934428,666.9,113,14.265573770491804
Delhi,2001,24.72082191780822,30.62082191780822,18.82082191780822,598.6,137,13.895890410958904
Delhi,2002,25.666027397260276,31.665753424657535,19.666301369863014,401.8,110,14.70027397260274
Delhi,2003,24.1158904109589,29.76493150684932,18.466849315068494,908.0,134,13.86109589041096
Delhi,2004,25.32841530054645,31.216120218579235,19.44071038251366,475.4,105,15.06912568306011
Delhi,2005,24.728630136986304,30.614520547945204,18.8427397260274,719.2,119,14.555068493150685
Delhi,2006,25.744520547945207,31.59041095890411,19.898630136986302,549.0,118,14.426849315068493
Delhi,2007,25.22986301369863,31.017808219178082,19.441917808219177,649.3,137,14.535342465753423
Delhi,2008,24.79412568306011,30.48497267759563,19.10327868852459,790.7,138,13.374863387978142
Delhi,2009,25.843698630136988,31.92684931506849,19.76054794520548,427.0,97,14.954520547945204
Delhi,2010,25.669452054794522,31.47287671232877,19.866027397260275,886.0,137,13.951232876712329
Delhi,2011,24.632191780821916,30.282739726027398,18.98164383561644,656.6,127,13.567945205479452
Delhi,2012,24.53101092896175,30.274043715846993,18.7879781420765,573.8,110,14.613387978142077
Delhi,2013,24.20904109589041,29.535068493150682,18.883013698630137,753.1,136,13.818630136986302
Delhi,2014,24.739863013698628,30.433698630136984,19.046027397260275,493.59999999999997,126,14.183561643835617
Delhi,2015,24.60767123287671,30.111780821917804,19.10356164383562,814.9,138,13.794794520547946
Delhi,2016,25.390163934426226,31.06639344262295,19.71393442622951,794.4,131,13.512021857923497
Delhi,2017,25.224794520547942,30.843013698630138,19.606575342465753,546.1,139,16.013972602739727
Delhi,2018,25.002465753424655,30.667123287671235,19.337808219178083,702.3,137,15.37068493150685
Delhi,2019,24.725890410958907,30.003835616438355,19.447945205479453,572.2,139,15.415068493150685
Delhi,2020,24.31571038251366,29.79863387978142,18.832786885245902,582.1,131,15.501092896174862
Delhi,2021,24.858082191780824,30.322191780821917,19.393972602739726,780.4,121,15.451780821917808
Delhi,2022,25.210410958904106,30.87917808219178,19.541643835616437,707.3,116,16.469315068493152
Delhi,2023,24.601780821917806,30.196438356164386,19.007123287671234,835.4,135,15.894246575342464
Delhi,2024,25.13346994535519,30.724043715846996,19.542896174863387,1026.3,113,15.345901639344262
Hyderabad,2000,25.91092896174863,30.94071038251366,20.881147540983605,784.5,139,15.790437158469945
Hyderabad,2001,26.343287671232876,31.26027397260274,21.426301369863015,659.8,141,16.676986301369865
Hyderabad,2002,26.465616438356168,31.506027397260276,21.425205479452053,561.8,130,16.645753424657535
Hyderabad,2003,26.48506849315068,31.289315068493153,21.68082191780822,769.9,145,16.323835616438355
Hyderabad,2004,26.010792349726778,31.06120218579235,20.9603825136612,667.1,164,16.351639344262296
Hyderabad,2005,26.16821917808219,31.05698630136986,21.279452054794522,908.2,153,15.863561643835617
Hyderabad,2006,25.94164383561644,30.80054794520548,21.0827397260274,753.0,156,15.912054794520547
Hyderabad,2007,26.2072602739726,31.130958904109587,21.283561643835615,768.2,142,15.787671232876713
Hyderabad,2008,26.125136612021855,30.994535519125684,21.255737704918033,814.6,154,15.725409836065573
Hyderabad,2009,26.97027397260274,32.04739726027397,21.893150684931506,667.4,125,15.877808219178082
Hyderabad,2010,26.570684931506847,31.124383561643835,22.01698630136986,1198.3,181,15.65150684931507
Hyderabad,2011,26.115753424657534,31.19671232876712,21.034794520547944,588.5,148,15.924657534246576
Hyderabad,2012,26.5327868852459,31.585519125683057,21.480054644808742,711.3000000000001,144,16.23688524590164
Hyderabad,2013,25.904794520547945,30.535342465753423,21.274246575342467,910.8000000000001,155,17.103287671232877
Hyderabad,2014,26.151095890410957,31.013150684931507,21.28904109589041,716.0,145,16.160273972602738
Hyderabad,2015,26.72849315068493,31.75917808219178,21.697808219178082,495.1,133,15.824931506849316
Hyderabad,2016,26.388387978142074,31.25928961748634,21.517486338797813,969.3,148,16.587158469945354
Hyderabad,2017,26.466027397260277,31.450410958904108,21.48164383561644,754.3,165,15.341095890410958
Hyderabad,2018,26.276712328767122,31.349589041095893,21.203835616438354,708.4,191,15.9786301369863
Hyderabad,2019,26.616301369863017,31.391232876712326,21.8413698630137,853.1,181,15.89835616438356
Hyderabad,2020,25.966803278688527,30.58606557377049,21.347540983606557,1126.8,173,14.729234972677595
Hyderabad,2021,26.083698630136983,30.956438356164384,21.21095890410959,787.3,162,15.273698630136986
Hyderabad,2022,26.23013698630137,31.357808219178082,21.102465753424656,921.6,167,15.846027397260274
Hyderabad,2023,26.31684931506849,31.517808219178082,21.115890410958905,969.0,158,15.986301369863014
Hyderabad,2024,26.791256830601093,31.583333333333332,21.999180327868853,1299.1,189,16.339344262295082
Jaipur,2000,25.33210382513661,31.579508196721314,19.084699453551913,355.2,90,15.536065573770491
Jaipur,2001,25.032328767123285,31.213972602739727,18.850684931506848,370.5,112,14.105205479452053
Jaipur,2002,26.286575342465753,32.58657534246576,19.986575342465756,202.5,68,15.456986301369863
Jaipur,2003,24.66287671232877,30.608767123287674,18.71698630136986,564.7,108,14.440000000000001
Jaipur,2004,25.548907103825137,31.683060109289617,19.414754098360657,446.4,87,14.569945355191258
Jaipur,2005,24.99041095890411,31.022465753424658,18.958356164383563,462.5,101,14.64767123287671
Jaipur,2006,25.898493150684935,31.850684931506848,19.94630136986301,316.4,95,14.312054794520547
Jaipur,2007,25.390136986301368,31.344657534246572,19.435616438356163,504.0,116,14.08027397260274
Jaipur,2008,25.022404371584702,30.928415300546447,19.11639344262295,526.4,118,13.718306010928961
Jaipur,2009,26.263972602739727,32.36904109589041,20.15890410958904,319.5,87,15.086301369863014
Jaipur,2010,25.694520547945206,31.50027397260274,19.88876712328767,793.5,120,13.80027397260274
Jaipur,2011,24.622328767123285,30.405479452054795,18.839178082191783,594.2,113,13.41041095890411
Jaipur,2012,24.54139344262295,30.478415300546448,18.604371584699454,622.3,94,14.171038251366122
Jaipur,2013,24.386301369863013,30.132602739726025,18.64,670.5,124,14.127671232876713
Jaipur,2014,24.54835616438356,30.294246575342466,18.802465753424656,463.9,105,13.924657534246576
Jaipur,2015,25.174931506849315,30.99013698630137,19.35972602739726,397.2,110,14.316164383561643
Jaipur,2016,25.775683060109287,31.67431693989071,19.87704918032787,608.2,108,13.718032786885246
Jaipur,2017,25.72890410958904,31.425205479452057,20.032602739726027,424.1,118,15.448219178082192
Jaipur,2018,25.75109589041096,31.565753424657533,19.936438356164384,695.5,111,15.827945205479452
Jaipur,2019,25.013013698630136,30.413150684931505,19.612876712328767,912.7,137,15.105753424657536
Jaipur,2020,25.05218579234973,30.62950819672131,19.474863387978143,481.3,122,15.464754098360658
Jaipur,2021,25.15794520547945,30.65753424657534,19.658356164383562,740.6,115,15.475068493150683
Jaipur,2022,25.34835616438356,31.11917808219178,19.577534246575343,601.6999999999999,104,15.52849315068493
Jaipur,2023,24.846849315068493,30.545205479452054,19.14849315068493,587.7,127,15.422739726027398
Jaipur,2024,25.31434426229508,30.85409836065574,19.774590163934427,790.8000000000001,115,14.702732240437157
Kolkata,2000,26.013387978142074,30.240437158469945,21.786338797814206,1402.0,193,12.948087431693988
Kolkata,2001,25.903287671232878,30.104657534246577,21.70191780821918,1716.5,205,12.696438356164384
Kolkata,2002,26.22821917808219,30.519178082191782,21.937260273972605,1683.7,186,12.906301369863014
Kolkata,2003,26.135753424657533,30.331232876712328,21.94027397260274,1482.3,196,13.015616438356163
Kolkata,2004,26.337978142076505,30.68688524590164,21.989071038251367,1389.6,178,13.028961748633881
Kolkata,2005,26.64698630136986,30.9158904109589,22.378082191780823,1489.1,180,13.37041095890411
Kolkata,2006,26.643424657534247,30.96712328767123,22.31972602739726,1430.4,183,12.651232876712328
Kolkata,2007,26.204794520547946,30.388219178082196,22.0213698630137,1864.7,202,12.98027397260274
Kolkata,2008,26.106147540983606,30.235245901639345,21.97704918032787,1793.5,177,12.60136612021858
Kolkata,2009,26.99904109589041,31.486027397260273,22.512054794520548,1299.3,165,13.148493150684931
Kolkata,2010,27.234794520547947,31.45068493150685,23.01890410958904,1162.7,180,13.994246575342466
Kolkata,2011,26.337260273972603,30.572876712328767,22.10164383561644,1820.2,193,12.65150684931507
Kolkata,2012,26.47035519125683,30.754371584699456,22.18633879781421,1261.2,195,13.261202185792351
Kolkata,2013,26.026986301369863,30.323561643835617,21.73041095890411,1570.2,191,13.186849315068493
Kolkata,2014,26.37027397260274,30.766027397260274,21.974520547945204,1378.5,176,12.521917808219179
Kolkata,2015,26.477671232876713,30.453424657534246,22.50191780821918,1838.7,205,12.660821917808219
Kolkata,2016,26.790163934426232,30.751912568306015,22.82841530054645,1612.6,209,12.707103825136613
Kolkata,2017,26.599589041095893,30.630958904109587,22.56821917808219,2237.1,213,15.126027397260273
Kolkata,2018,26.14205479452055,30.406575342465754,21.877534246575344,1786.9,199,14.44986301369863
Kolkata,2019,26.36013698630137,30.532602739726027,22.187671232876713,1666.5,202,14.833424657534247
Kolkata,2020,26.223497267759562,30.40245901639344,22.044535519125684,1892.7,214,14.547814207650273
Kolkata,2021,26.592876712328767,30.856438356164386,22.329315068493152,2168.2,201,13.972876712328768
Kolkata,2022,26.429041095890412,30.825753424657535,22.03232876712329,1651.6,194,15.660821917808219
Kolkata,2023,26.975068493150683,31.610410958904108,22.339726027397262,1882.3,197,14.695616438356163
Kolkata,2024,26.69535519125683,30.91256830601093,22.47814207650273,2083.4,203,14.28879781420765
Lucknow,2000,24.909289617486337,30.44672131147541,19.37185792349727,787.0,134,14.32431693989071
Lucknow,2001,24.884931506849316,30.38712328767123,19.382739726027395,1081.4,147,13.590136986301369
Lucknow,2002,25.508219178082193,31.066301369863016,19.95013698630137,730.7,132,14.820273972602738
Lucknow,2003,24.775890410958905,30.188767123287672,19.363013698630137,1425.6,143,13.915890410958905
Lucknow,2004,25.10915300546448,30.476502732240437,19.741803278688526,851.9,124,14.569672131147541
Lucknow,2005,25.42219178082192,30.913972602739726,19.930410958904112,823.4,129,14.496712328767124
Lucknow,2006,26.043698630136987,31.583287671232874,20.504109589041096,676.8,116,14.446027397260275
Lucknow,2007,25.510136986301372,30.848219178082193,20.172054794520548,973.3,142,14.46109589041096
Lucknow,2008,25.21243169398907,30.562841530054644,19.862021857923498,1443.9,144,13.775136612021857
Lucknow,2009,26.023287671232875,31.650410958904107,20.396164383561644,789.3,119,15.487945205479454
Lucknow,2010,26.302739726027397,31.75068493150685,20.854794520547944,1027.3,130,14.424109589041096
Lucknow,2011,25.175068493150683,30.576986301369864,19.773150684931505,1040.5,129,13.997534246575343
Lucknow,2012,25.280054644808743,30.868852459016395,19.691256830601095,936.1,107,14.669398907103826
Lucknow,2013,24.71164383561644,29.807945205479452,19.615342465753425,1160.1,149,14.189041095890412
Lucknow,2014,25.011917808219177,30.326575342465755,19.697260273972603,728.9,132,14.535616438356165
Lucknow,2015,25.556712328767127,30.81150684931507,20.301917808219176,828.5,131,13.806027397260273
Lucknow,2016,25.873224043715847,31.119125683060112,20.627322404371586,1022.3,146,13.976775956284152
Lucknow,2017,25.654657534246578,31.013150684931507,20.296164383561646,936.0,144,15.407945205479452
Lucknow,2018,25.506849315068493,31.167397260273972,19.846301369863014,1228.3,140,15.515342465753426
Lucknow,2019,25.27150684931507,30.463287671232877,20.07972602739726,1284.7,139,15.68958904109589
Lucknow,2020,24.590710382513663,29.76530054644809,19.416120218579234,1296.1,161,14.265300546448088
Lucknow,2021,25.084246575342465,30.291506849315066,19.876986301369865,994.9,146,14.74054794520548
Lucknow,2022,25.59232876712329,31.178356164383562,20.006301369863014,1125.0,135,15.792328767123287
Lucknow,2023,25.39506849315069,30.914794520547943,19.875342465753423,1007.5,129,15.324931506849316
Lucknow,2024,25.66898907103825,31.04289617486339,20.295081967213115,1139.0,133,14.515027322404372
Mumbai,2000,26.62090163934426,30.12459016393443,23.117213114754097,1836.5,156,16.634426229508197
Mumbai,2001,26.630684931506853,30.041095890410958,23.22027397260274,1655.8,152,17.375890410958903
Mumbai,2002,27.186575342465755,30.68931506849315,23.68383561643836,1530.1,148,17.62986301369863
Mumbai,2003,27.101506849315065,30.596438356164384,23.606575342465753,1780.5,129,17.04904109589041
Mumbai,2004,27.05218579234973,30.558469945355192,23.54590163934426,2031.1,146,17.335792349726773
Mumbai,2005,26.755068493150684,30.389041095890413,23.12109589041096,2383.7,126,17.567945205479454
Mumbai,2006,27.224109589041095,30.664109589041097,23.784109589041098,2472.9,152,17.942739726027398
Mumbai,2007,27.3427397260274,30.72,23.965479452054794,2288.9,141,17.861095890410958
Mumbai,2008,26.9172131147541,30.431420765027323,23.403005464480874,1868.4,134,17.718852459016393
Mumbai,2009,27.390958904109592,30.89205479452055,23.88986301369863,1625.1,134,17.26931506849315
Mumbai,2010,27.270958904109587,30.413972602739726,24.127945205479453,2261.7,163,16.593424657534246
Mumbai,2011,26.9986301369863,30.53205479452055,23.465205479452052,2143.5,141,17.345479452054796
Mumbai,2012,26.608196721311476,30.125956284153006,23.090437158469946,1454.9,129,17.639344262295083
Mumbai,2013,26.64438356164384,30.003561643835614,23.285205479452056,2161.8,151,17.686575342465755
Mumbai,2014,27.2572602739726,30.67178082191781,23.8427397260274,1845.4,131,17.735068493150685
Mumbai,2015,27.388219178082196,30.73013698630137,24.046301369863013,1324.2,131,17.125479452054794
Mumbai,2016,26.9655737704918,30.36639344262295,23.56475409836066,2638.3,142,17.131147540983605
Mumbai,2017,26.866849315068492,30.357808219178082,23.375890410958906,2453.5,156,19.71178082191781
Mumbai,2018,27.083013698630136,30.572602739726026,23.593424657534246,1361.4,135,19.89698630136986
Mumbai,2019,26.725068493150683,29.95095890410959,23.499178082191783,2604.6,160,19.324383561643835
Mumbai,2020,27.125546448087434,30.35273224043716,23.898360655737704,2773.6,162,19.130054644808745
Mumbai,2021,27.172602739726027,30.38849315068493,23.956712328767125,2280.9,172,19.112054794520546
Mumbai,2022,26.887945205479454,30.365753424657534,23.41013698630137,2651.6,150,19.236712328767123
Mumbai,2023,27.514520547945203,31.376438356164382,23.652602739726028,2048.1,157,19.45123287671233
Mumbai,2024,27.566530054644808,31.514754098360655,23.61830601092896,2523.7,166,19.077868852459016
Pune,2000,24.836612021857924,30.141256830601094,19.531967213114754,1559.0,165,13.069672131147541
Pune,2001,25.032739726027398,30.25260273972603,19.812876712328766,1452.9,159,13.404657534246574
Pune,2002,25.42178082191781,30.684109589041096,20.15945205479452,1430.2,163,13.835068493150686
Pune,2003,25.619999999999997,31.033150684931506,20.206849315068492,1313.5,142,13.443013698630136
Pune,2004,25.185382513661203,30.50409836065574,19.866666666666667,1815.0,158,13.774863387978144
Pune,2005,25.085753424657533,30.475616438356166,19.695890410958903,2205.8,151,13.355890410958903
Pune,2006,25.176027397260274,30.333698630136983,20.01835616438356,2443.4,164,13.70794520547945
Pune,2007,25.608356164383558,30.75917808219178,20.457534246575342,1786.5,166,13.432876712328767
Pune,2008,25.216666666666665,30.3655737704918,20.06775956284153,1779.0,158,13.43224043715847
Pune,2009,25.743972602739724,30.886575342465754,20.601369863013698,1854.3,150,12.980547945205478
Pune,2010,25.556849315068494,30.51945205479452,20.594246575342464,2201.7,192,12.637534246575342
Pune,2011,25.16082191780822,30.304657534246576,20.01698630136986,1958.0,164,13.061369863013697
Pune,2012,25.51243169398907,31.107650273224042,19.917213114754098,1199.4,149,13.490983606557377
Pune,2013,25.154520547945204,30.32383561643836,19.985205479452055,2077.1,162,13.555890410958902
Pune,2014,25.450136986301366,30.781917808219177,20.11835616438356,1750.6,172,13.167945205479452
Pune,2015,25.71054794520548,31.016438356164382,20.404657534246574,1241.2,166,13.095890410958905
Pune,2016,25.560519125683058,30.656830601092896,20.464207650273224,2164.8,166,13.219945355191257
Pune,2017,25.48712328767123,30.861369863013696,20.112876712328767,935.4,162,17.95260273972603
Pune,2018,25.59109589041096,30.90684931506849,20.275342465753425,680.9,161,18.18931506849315
Pune,2019,25.55191780821918,30.82054794520548,20.283287671232877,1480.4,170,17.853150684931506
Pune,2020,25.45437158469945,30.509836065573772,20.398907103825138,1485.2,177,16.66639344262295
Pune,2021,25.314794520547945,30.211780821917806,20.41780821917808,952.8,193,17.062465753424657
Pune,2022,25.431917808219175,30.87315068493151,19.990684931506852,1076.7,156,17.372876712328768
Pune,2023,25.842602739726026,31.359178082191782,20.326027397260273,782.0,161,17.685205479452055
Pune,2024,26.185792349726775,31.609562841530057,20.762021857923497,1413.1,176,17.86775956284153
